Country,1993,1994,1995,1996,1997,1998,1999,2000,2001,2002,2003,2004,2005,2006,2007,2008,2009,2010,2011,2012,2013,2014,2015,2016,2017,2018,2019,2020,2021
Albania,10,15,88,153,60,129,120,149,45,209,28,53,175,203,87,133,134,125,96,39,43,39,43,40,40,5,0,0,0
Algeria,1127,1200,1124,1237,535,1317,1061,522,977,1010,666,342,374,370,570,687,594,365,487,542,433,428,551,586.96,674.11,677,425.19,526.59,111.56
American Samoa,0,2,0,0,4,0,0,0,0,0,0,0,0,2,1,1,1,0,0.12,0,0,0,0,0,0.07,0,0,0.04,0
Angola,889,603,970,400,106,1126,1399,750,4784,5932,3079,3622,3300,3622,8541,1067,928,1450,1960,2470,2980,3496,3461,3105,3809,2642,1971,271,1001
Antigua and Barbuda,0,0,0,0,0,0,0,0,8,17,36,29,17,44,30,91,47,28,46,50,38,33,22,22,22,22,22,20,25
Argentina,19364,24327,25332,30163,29034,33511,29485,25750,31784,26251,31691,32039,37161,40323,44359,46461,40199,39707,36095,28482,25372,25556,29743,27369,24216,22951,18270,17817.26,15456.11
Australia,9928,9199,8958,8718,8318,6498,6328,7543,9238,9674,10519,11515,11037,9176,8269,8894,8798,7373.27,7159.6,6418.19,6016.02,5688.22,5638.52,5834.91,5873.74,5367.36,5455.45,5226.21,5732.85
Bahamas,37,0,0,5,3,2,1,0,0,0,0,2,0,0,0,0,0,0,0,0,0,0,0,0,0,0,0,0,0
Bahrain,0,0,0,0,0,0,0,0,0,0,0,148,20,43,26,48,48,17,20,10,16,34,32,32,32,32,32,32,40
Bangladesh,0,0,0,0,0,0,0,0,0,0,0,0,0,0,0,4767,3933,4033,4205,7730,10034,6632,5876.38,5246.47,5248.68,4540.28,5082.38,3817.84,16456
Barbados,18,22,24,25,14,12,15,21,14,14,12,13,18,15,13,15,9,11,11,15,10,12,23,15,18,11,10,6,6
Belgium,1787,1726,1686,1813,1722,1625,1720,1647,1954,2217,2317,2505,2554,2393,2401,2248,1952,1819,2142,2083,1897,1588,1990,1594,1859,1928,2051,2075.1,1713
Belize,0,0,0,0,1,0,521,54,201,5171,0,37,337,41,283,126,144,801,1428.31,1581.63,1640.94,582.2,125.53,187.38,445.33,564.85,542.64,317.69,355.12
Benin,210,196,174,162,170,140,111,73,126,118,502,302,286,171,138,207,293,246,130,726,325,308,978,936,632,2753,3478.9,3660,3710
Bermuda,14,10,17,13,9,12,24,14,5,5,7,6,9,6,7,7,5,5,6,6,6,5,4,6,4,3,3,1.47,2
Brazil,18300,15800,14881,14894,14941,17269,18553,21585,20408,21737,20849,20046,23753,18392,17239,19657,21009,21270,20388,21578.77,19540.73,22001.31,19809.41,18274.54,18767.92,19724.28,20838.58,20292.23,21427.09
British Virgin Islands,0,0,0,0,1,1,1,0,0,0,0,0,0,0,0,0,0,0,0,0,0,0,0,0,0,0,0,0,0
Brunei Darussalam,0,0,0,0,0,0,0,0,0,0,0,0,0,0,0,0,0,0,0,0,0,0,44,83,0,89,40.42,36.13,36.27
Bulgaria,12,12,80,64,40,28,25,102,126,100,51,47,15,6,30,51,58,156,178,105,89,107,182,119,100,24,29,66.56,40.73
Cabo Verde,0,1,1,0,0,0,0,0,0,0,0,0,0,0,0,0,0,0,0,19,219,127,66,23,47,4,3,3.31,2
Cameroon,162,180,219,234,220,216,297,217,276,218,234,900,1812,1812,1812,1530,1114,1245,1380,1515,1650,1785,1920,2337,2921,3104,3285.09,3080,3190
Canada,3791,11398,12627,10759,10015,8646,13979,12899,13718,13980,12366,12803,12713,8808,10229,5897,6620,3474,3233,2812,1712,1502,1232.1,1279.3,1120.1,1575.2,1197.4,968.9,1210.07
Channel Islands,202,191,177,230,66,250,284,217,294,290,314,249,292,245,192,275,196,196,178,210,220,232,204,249,111,159,203,118.4,66
Chile,5703,5556,4269,4702,4890,4327,4595,5751,5636,4391,6969,5627,4885,4641,4515,3333,3597,3717,3107,2718,1632,1282,1495,2003.04,1062.06,1548.08,1640.22,1554.29,1819
China,34,45,23,27,21,79,504,405,772,628,860,0,0,0,1255,2489,2979,1933,1856,2864,2154,923,1344,915,520.86,4477.77,255.72,1121.92,1081.91
"China, Hong Kong SAR",848,688,485,456,420,382,300,330,370,350,320,345,330,310,310,320,325,340,342,310,340,320,290,285,260,255,252,245,236.28
Colombia,623,467,208,331,437,363,431,694,535,394,13,531,367,425,475,530,591,112,333,54,42,34,58,119,761,136,812.68,184.27,166.01
Comoros,0,230,217,205,193,180,168,155,143,130,118,105,93,80,68,56,43,31,19,20,22,11,131,50,42,70,80,80,80
Congo,597,445,380,385,410,385,460,945,1290,1170,1123,1222,1876,1475,1401,975,956,1258,2215,1800,1551,1714,1349,1655,1459,1359,1252,1420.04,1398
"Congo, Dem. Rep. of the",480,520,560,600,640,680,720,766,868,998,992,796,835,755,723,909,847,808,1100,1400,1724,1739,855,764,760,760,760,760,805
Cook Islands,32,30,25,20,20,20,20,20,20,6,45,28,29,18,10,30,21,20,19.1,63.7,20.2,2.19,0,1,23,9.45,109.66,13.94,11.11
Costa Rica,2582,2866,2941,3497,5549,7724,7897,12901,9659,9007,11558,4737,5314,3321,4364,5035,4024,6702,4863,3971,4859,3517,3517,3425.87,3338.45,2954.68,3239.93,3894.84,4078.28
Croatia,811,541,505,401,358,225,121,107,116,68,64,67,156,139,145,78,100,133,176,162,182,218,221,210,221,201,228,259.59,281.51
Cuba,2847,3390,3066,3415,3298,4407,4199,3457,3515,3622,2555,1993,2083,2415,2749,2827,2918,2218,2369,2235,1921,2003,1893,1676,1728,1664,1468.1,1645.7,1410.5
Curaçao,0,0,0,0,0,0,0,0,0,0,0,0,0,0,0,0,0,0,0,0,0,0,0,0,49,0,0,0,0
Cyprus,30,19,21,14,17,10,12,22,28,22,13,13,21,25,17,7,10,13,23,17,8,14,13,13,10,13,15.15,12.39,15.91
Côte d'Ivoire,335,273,289,623,501,407,540,762,235,372,283,133,213,144,123,717,801,1136,1207,1228.43,1023.5,1508.45,903.51,1166.33,1775.52,1212.96,2172.58,983,973.6
Denmark,617,372,293,294,317,242,300,362,360,375,335,402,264,189,121,112,133,60,115,71,85,73,96,106,144,235,216,180,216
Djibouti,0,0,0,0,0,0,0,0,0,0,0,0,0,0,0,0,0,47,79,109,125,94,92,131,117,80,142.06,164.3,117
Dominican Republic,10,18,90,39,96,62,134,518,212,36,236,130,80,169,714,240,215,232,360,350.8,355.9,343.58,262.32,104.69,112.44,2.42,2.57,3.21,4.02
Ecuador,4131,4004,2803,1805,1874,980,625,807,2790,2120,1400,1226,1254,2229,4693,6632,5168,5519,9160,9437,10087,9494,7402,8184,7920,6789,6096.17,7990.81,8959.63
Egypt,1089,1295,1309,1242,1809,1346,1565,1441,2406,2222,1604,1504,628,3576,2503,3119,2549,3079,3333,2338,2112,1843,1141,1300,1375,1293,1040,883,1053
El Salvador,287,980,759,347,1186,266,176,364,759,951,964,906,1202,804,715,28,44,44,0,48,80,120,163,464,591,212.24,453.68,467.41,457.13
Equatorial Guinea,330,500,220,490,620,779,910,100,100,100,100,100,100,105,100,200,150,103,156,19,2,21,50,50,50,50,50,50,50
Eritrea,0,16,7,15,19,24,44,130,111,151,123,16,25,232,117,115,165,307,281,81.63,156.78,167.35,213.33,166.62,152.46,183.28,247.3,150,3.41
Estonia,0,0,0,0,0,0,2,240,1079,588,886,922,567,278,375,126,29,228,82,161,155,248,33,152,304,33,3,2.1,18.81
Ethiopia,0,0,0,0,0,0,0,0,0,0,0,0,0,0,0,0,0,0,0,0,0,0,0,0,0,0,0,0,0
Falkland Is.(Malvinas),98,63,117,184,295,303,431,468,469,575,410,710,671,895,739,446,1009,1045,2274,1387,1816,1130.6,873.36,682.8,635.4,485.65,364,297.9,340.47
Faroe Islands,697,450,705,569,702,731,726,492,729,417,462,687,672,936,531,462,698,410,335,669,601,528,241,305,276,236,275.85,307.3,226
Fiji,0,0,0,0,0,0,0,0,0,0,0,0,0,0,0,0,0,0,1286,3267,2403,26,32,344,255,156.41,268.87,281.12,2295.49
France,23064,22149,21613,22447,23645,21524,22941,24952,25799,23136,22755,21800,21478,19082,19618,17289,19095,18705,17404.87,15284.67,15717.74,15806.99,15323.68,14962.13,13910.71,14871.87,15118.1,13911.01,14870.15
French Guiana,0,0,0,0,0,0,0,0,0,0,0,0,64,163,151,198.39,146.94,149.76,80.35,68.67,63.48,45.29,53.06,80.92,57.41,13.77,11.06,15.7,6.76
French Polynesia,0,420,365,387,367,347,427,609,758,1104,738,345,253,166,166,129,176.98,62.73,21.61,55.87,55.87,178.7,58.17,403.46,481.08,348.41,262.52,260.64,424.21
Gabon,0,5,55,1439,799,2023,1535,800,463,406,585,636,640,711,644,139,155,165,175,185,195,202,164,149,134,134,134,130,170
Gambia,316,480,498,415,3223,606,639,720,3982,4022,1085,494,1738,324,361,471,504,504,400,300,412,482,487,926,425,90,548.93,498.05,636.08
Georgia,131,45,31,71,1,550,18,21,27,65,40,31,20,10,2,0,0,0,0,3,3,2,2,0,0.04,0,0,0,0
Germany,161,521,327,393,225,207,382,606,764,667,787,859,346,32,50,97,27,44,26,18,25,35,33,57,53,67,81,54.39,19
Ghana,2253,1467,1453,1367,894,1936,4867,1901,2906,3420,1343,1579,4999,1726,1148,4945,6454,5264,5035,5035.44,10104,7440.73,8548,5536,4360.74,982.63,2292.68,2865.79,2466.1
Greece,1029,2146,1929,1844,1723,1451,1625,1727,1264,1143,1004,926,855,969,980,903,966,866,777,709,672,761,802,739,643,578,564,469.2,502.53
Greenland,14,39,67,136,6,0,0,0,0,6,13,0,1,0,17,1,3,0,0,3,0,0,62,58,123,144,74,81,155
Grenada,12,4,14,4,9,18,24,29,29,12,17,15,18,16,22,24,12,10,15,17,17,15,15,15,15,15,15,15,15
Guadeloupe,0,0,0,0,0,0,0,0,0,0,0,0,0,0,0,8.06,16.22,42.03,36.42,19.39,23.25,14.47,20.3,28.89,29.17,26.4,11.01,10.84,7.44
Guam,0,5,0,0,0,0,0,0,0,0,0,0,0,0,0,0,0,0,0,0,0,0,0,0,0,0,0,0.04,0
Guatemala,225,225,207,81,146,237,203,151,250,359,11,187,203,104,140,122,247,273,254,317,143,285,409,312,249,312,389,375,196.32
Guinea,0,0,726,506,505,700,800,969,828,1396,708,947,3424,479,950,1039,2451,3442,4480,1238,1236,820,404,572,2381,1765,1245,2385,2510
Guinea-Bissau,0,2,12,12,10,10,10,0,8,0,0,5,5,5,5,5,5,5,5,0,0,0,0,0,0,7.86,20,9.16,10
Guyana,0,0,0,765,1892,0,2175,1156,798,1238,1811,3064,3042,2007,988,1662,370,383,1047,1048,239,399,569,748,623,329,774,18,11
Honduras,1948,876,615,460,10,4,0,0,85,0,0,0,0,0,0,0,0,0,0,0,0,0,0,0,0,0,0,0,0
Iceland,730,1720,2343,1942,1776,1575,1218,1360,1530,2206,1932,1400,995,763,651,889,1427,1300,1557,2089,1933,1817,1434,1364,639,763,1084,946.07,856
India,76604,83689,77078,132160,71991,74704,76802,76057,67971,66923,63771,79825,61056,66367,103246,87254,79747,60313,70994,75681,71342,47284,52434,52840,40171,42117.94,43738,25908,31277
Indonesia,87138,92776,98098,94396,95998,110788,108393,113626,110311,106398,117559,108944,100037,110528,108539,96243,116294,102801,112504,116241.02,124763.82,132650.96,123625.83,118670.45,66040.12,110999.26,96434.09,114365.16,99131.51
Iran (Islamic Rep. of),0,0,0,0,15566,11661,19185,12155,11635,10619,15963,18318,17443,15015,13187,11678,13342,13615,12032,17159.69,12437.52,13243.05,12276.13,10419.66,9718.75,12905.95,11277.4,8752.88,8336.36
Ireland,5196,5164,6249,5500,5071,4694,4093,3166,4871,5240,6188,5043,3610,2885,2295,1705,1480,1535,1640,1676,1431,1520,1480,1468,1558,1486,1463.76,1137.61,1057.38
Isle of Man,67,60,33,35,31,18,22,16,4,1,2,0,0,0,0,0,7,8,14,15,0,16,18,11,23,6,9,9.09,9.88
Israel,60,50,48,330,49,59,58,0,35,32,28,89,280,179,169,170,178,181,186,180,0,0,0,0,0,0,0,0,0
Italy,11802,16473,10528,4968,5946,3443,1557,969,924,846,970,1176,2612,1974,2042,1515,1696,1537,1629,1204,1273.37,1648.08,1098,1319.39,1578.88,1962.7,2119.7,1014.97,1183
Japan,38539,34317,31146,24206,29397,33665,33034,31873,27696,32879,25543,23475,25930,22795,16212,16857,15292,14172,10238.15,13437.57,18249.86,21889.83,21434.3,22385.33,25485.28,24369.9,21126.92,15540.2,16568.3
Jordan,0,0,0,0,0,0,0,0,0,0,0,0,0,0,0,0,0,0,0,3.62,2.6,0.57,1.64,0.83,1.45,6.77,4.18,0.71,5
Kenya,152,166,176,191,140,134,131,115,175,134,208,197,253,189,165,183,232,274,306,373,314,1031.5,343,996,1658,2745.94,2783.44,1501.31,1564.38
Kiribati,1830,1800,1820,1840,1830,2381,3012,1581,1273,2769,1334,1150,850,600,408,209,344,250,48.03,80.66,80.66,8,0,73,134,213.53,4.4,1.79,76.53
"Korea, Republic of",20342,17845,17938,15598,15900,10305,16398,15394,14011,11961,12567,12506,10110,10841,12210,8970,12768,13027,14166,12196.66,9400.2,8725.09,7827.41,6475.72,5221.24,5159.54,7302.06,6661.37,8463.95
Latvia,0,0,0,0,0,0,0,0,0,0,0,0,0,0,0,0,0,0,0,0,0,0,0,0,0,0,0,0,0
Lebanon,50,50,50,50,50,50,50,60,55,60,60,60,55,58,51,44,37,30,23,16,9,4,15,0,0,0,0,0,0
Liberia,150,365,391,219,424,656,1599,1675,304,652,650,1616,1572,592,988,148,235,220,230,220,220,220,210,210,696,132,836.49,1127,421.5
Libya,0,0,0,0,0,0,0,0,0,0,0,0,0,0,0,0,8937,8595,5190,6012,6012,4140,4200,4585,4692,4702,4698,4698.35,4692
Lithuania,0,0,0,0,0,0,0,0,18,58,439,101,137,212,201,36,0,4,49,3,0,0,0,0,0,0,0,0,0
Madagascar,5824,6258,5257,5829,5809,5788,5756,5736,5735,5730,5728,5725,5726,5717,5668,5616,5616,5699,5670,5665,5650,5660,5654,5651,5639,5632,310,817.35,1893.12
Malaysia,20204,20180,23320,23197,24003,22979,25124,24512,25209,24137,27894,24969,25092,22058,21515,22864,22082,20620,18926,22148,23607,24664,20532,18359,20102,18479,17381.9,14675.82,15309
Maldives,9168,11212,11245,11856,10643,10887,6883,13523,11935,11498,11522,947,896,856,782,537,457,158,16,47,87,44,15,0,0,0,0,0,0
Malta,55,54,39,45,47,42,32,41,27,37,28,30,32,39,43,49,41,48,56,119,61,88,60,74,78,89,75.37,68.81,86.06
Marshall Islands,0,0,0,0,0,0,0,0,0,0,0,0,0,0,0,0,89.4,68.53,63.45,96,26,0,0,46,94,92.2,254.81,47.61,312.72
Martinique,125,125,105,73,95,85,75,55,45,45,45,45,40,40,50,6.87,9.14,9.79,8.55,16.45,7.98,0.66,5.87,2.99,2.44,9.75,10.75,46.67,9.37
Mauritania,70,80,90,20,130,500,650,750,800,800,1400,2000,2600,1290,1780,1530,1700,2559,2540,4952,3225,3260,4272,2703,10091,6558.97,14133,13280,181.35
Mauritius,18,19,17,19,60,11,11,27,14,50,311,284,244,161,502,75,40,28,3,6,3,3,4,6,48,12,10,1,1
Mayotte,0,0,0,0,0,32,18,0,1,2,2,0,6,11,11,11,11,11,11,11,11,11,2.49,1.83,2.92,1.98,2.86,2.93,0.21
Mexico,43603,42922,43470,45205,35665,36532,35239,35260,32718,30888,34429,37540,35832,34976,35080,29503,30305,37662,31589,32031,37974,39613,50305,60007,55838,67209,49055,46798.47,50526.65
Micronesia (Fed. States),0,0,0,0,0,0,0,0,0,0,0,0,0,0,0,0,751,504,1514.07,1078.62,1234.1,0,0,71,518,174.65,510.51,185.87,733.96
Montenegro,0,0,0,0,0,0,0,0,0,0,0,0,0,21,19,30,19,27,26,28,27,30,30,30,20,27,19,15.96,14
Morocco,2386,2451,3306,4157,2635,3453,3532,5599,3711,4062,4639,4879,6187,5296,5183,6739,4734,4669,3225,3109,3428,3329,3785,3185,2788,4329,4137.1,3897.81,4161.13
Mozambique,0,0,165,21,0,0,0,84,21,20,429,268,892,1928,2351,192,670,372,413,524,972,673,1297.6,1785.25,1968.9,315.09,11579.9,9092.9,5754.9
Namibia,1,4,69,138,198,100,391,1735,3079,2383,3578,2670,4392,5900,6725,3772,1629,2668,3497.99,2308.28,1770.2,3546.4,2921.5,3687.7,1699.36,4281.65,12,5070.15,3879.79
Nauru,0,0,0,0,0,0,0,0,0,0,2,0,1,1,1,1,1,0,0,1,1,1,1,1,1,1,1,1,1
Netherlands (Kingdom of the),0,0,0,0,0,550,480,659,790,833,733,631,659,684,816,630,478,33,315,551,445,367,417,466,824,882,923,739,614
New Caledonia,0,0,0,0,0,0,0,0,0,0,38,34,26,14,13,14,40,38,145.48,143.55,43,208,691,44,22,36,210.96,98.45,14.44
New Zealand,14171,12717,17766,14293,22619,15840,19811,17718,19796,21238,18459,16647,18032,16783,17409,15976,16745,18033,16174,19450.34,17943.26,18203.05,17632.18,16397.56,19298.18,17802.28,15671.12,15016.98,15712.45
Nicaragua,38,377,292,246,220,215,127,92,211,291,202,237,239,289,471,412,299,389,342,297,322,432,455,583,467,331,430,277.16,536.46
Nigeria,5849,9053,6471,8388,8821,13969,15373,13238,14626,13449,15179,13560,13882,14444,15292,15131,17970,21625,18491,19032,19324,20238,20905,19868,21209,21245,19527.87,18535.83,19199
Norway,10998,7393,5025,5554,3335,2210,2375,2857,2921,1919,1927,1714,1584,1314,1145,1383.01,1238.94,1355.64,825,955,1524.02,1652.73,2115.08,2582.15,2750.02,2726.17,3572.9,2583.49,2036
Oman,4828,3691,7104,6242,6701,4994,4309,3891,3830,4002,6089,5707,5631,6122,5498,6176,5850,5944,8516,7018,8626,7502,8069,8487,6113,9614,5927,6814.96,6829.21
Other nei,278,195,417,445,331,294,207,189,405,733,1311,4277,3622,767,824,681,2103,2773,582,619,465,238,304,506,0,0,0,0,0
Pakistan,30697,32093,33929,36286,33144,37437,34820,31033,29770,29689,20258,20333,13660,11951,9769,9811,7199,6141,5982,6563,6866,10243,10692,9155,9534,7436,6036,6034,7083
Palau,0,0,0,0,0,0,0,0,0,0,0,0,0,0,0,0,0,0,0,0,0,0,0,0,43,16.6,971.12,0,0
Palestine,0,0,0,53,33,38,41,37,32,31,34,54,21,7,16,14,4,9,17,8,17,15,24,18,29,29,59,46,64.1
Panama,611,372,85,170,0,0,404,5502,5855,6127,3901,5109,5577,3841,3729,4845,7033,744,411,1134,951.09,847.89,608,1216.44,487.11,1130.43,936.4,700.45,176.85
Papua New Guinea,0,0,0,0,0,0,0,0,0,0,0,0,0,0,0,0,323,264,229.58,330.57,330.57,330.57,1.3,1,1,3.97,1.47,0,0
Peru,13908,5796,7070,6680,6780,14295,8989,15405,11870,14249,8613,8640,9710,8620,6627,6238,8692,10715,10641,11487,7471,11572,16922,15123,14104,10434.5,10318.39,9831.77,12962.38
Philippines,10928,9081,9059,8595,3815,4291,4481,4319,5303,5734,6177,5776,4746,5309,5197,4752,5226,5513,5059,4578,4345,3874,3638,4197,3827,3722,3969,3768.3,3441.68
Poland,0,1,0,0,0,0,0,0,13,8,8,1,0,0,0,0,0,0,0,0,0,3,0,0,0,0,0,0,0
Portugal,18690,15733,14132,13138,12577,12039,11343,12783,13855,14017,16999,12765,15372,16855,20234,19052,18509,19576,19082,14523,11784,12894,13395,19327,18794,17295,14970.5,15080.69,13819.14
Puerto Rico,0,0,0,0,0,0,28,35,32,20,20,11,16,20,16,18,8,4.76,4.71,4.88,3.83,6.89,5.75,4.38,3.8,4.56,5.38,5.07,5
Qatar,0,0,0,0,0,0,0,0,0,0,0,0,0,0,0,0,0,0,0,0,0,105.4,97.9,98,104.7,108.7,90.2,91.5,188.5
Romania,6,3,7,0,0,0,0,0,0,0,0,0,5,8,13,10,4,3,4,2,3,2,13,3,2,1,1.01,6.91,4.28
Russian Federation,541,661,116,54,510,1073,1349,5937,4876,4770,4542,5463,2586,1884,2952,2077,2659,3635,3634,4377.07,4073.13,5201.05,3910.38,5998.05,5041.01,4758.95,6226.1,5754,4380
Réunion,36,33,37,46,89,111,81,71,76,68,59,66,80,63,81,0,2.28,0.88,4.87,1.45,2.37,3.88,5.19,3.61,7.14,18.43,1.34,0.89,1.25
Saint Helena/Asc./Trist.,0,0,1,1,1,1,1,2,6,4,2,0,1,0,0,1,1,0,1,0,0,0,0,0,0,0,0,0,0
Saint Kitts and Nevis,0,0,0,0,0,0,0,0,0,0,0,0,0,0,0,0,0,0,0,0,0,0,0,0,0,0,0,0,4.68
Saint Lucia,0,6,6,11,3,8,6,5,5,10,6,20,12,7,5,24,9,9,3,11,7,3,4,2,5,3,2.21,3.12,7.29
Saint Vincent/Grenadines,0,0,0,2,0,0,4,0,5,3,2,2,4,3,9,4,14,7,11,8,19,6,8.66,138.56,1,5,9.91,14.08,10.08
Samoa,110,140,160,180,200,200,230,250,250,250,250,170,100,33,6,0,74,67,42,110.89,82,82,2.33,2,0,0.59,94.83,2.95,49.57
Sao Tome and Principe,233,268,281,247,130,175,190,178,178,178,165,170,143,132,128,238,135,139,143,147,152,156,244,183,180,180,15.7,15.2,20
Saudi Arabia,42,125,465,398,543,701,505,657,1064,1263,1398,1216,1414,1300,1571,1389,959,912,961,961,1048,1310,894,692,672,894,735,786,895
Senegal,3996,6233,7477,6765,8985,9265,8221,10757,10058,8575,7904,8887,8257,10457,9931,5930,7098,7758.15,5524.46,6041.4,7657.21,8596.75,7070.48,3556.99,5239.06,4010.45,3485.21,4619.53,3547.83
Serbia and Montenegro,11,11,21,22,22,20,21,20,18,18,17,13,15,0,0,0,0,0,0,0,0,0,0,0,0,0,0,0,0
Seychelles,82,117,116,84,61,103,68,155,100,96,313,215,238,165,426,216,309,312,314.28,350.92,410.07,625.19,462.42,520.29,588.16,1299.74,1343.28,919.49,591.87
Sierra Leone,1408,1403,1403,1402,1405,83,51,1690,164,404,1250,1314,1281,1291,1483,3573,3680,3810,3950,4140,4320,4519,4415,4415,4415,4415,4415,4415,4510
Singapore,552,535,424,421,401,416,309,304,219,192,157,185,187,233,222,134,163,115,141,139,117,93,66,52,67,68.15,106.98,18.83,11.9
Slovenia,4,2,4,0,0,1,1,2,4,2,5,5,2,2,1,2,1,2,3,1,1,0,3,2,2,1,2,2.15,2.69
Solomon Islands,30,17,1513,1000,700,368,475,19,10,5,2,9,10,10,10,10,10,10,10,10,10,0,69,3,0,181.12,154.89,151.67,76.03
South Africa,2933,2209,1833,1719,2393,2267,2031,1972,1986,2349,3026,4604,4299,3887,3655,2517,2925,3643,3735,2485.35,2971.22,3007.01,3345,3129.78,2955.82,2504.68,2148.82,1769.22,1550.49
Spain,11572,20827,24419,19062,99638,67311,70800,80357,69986,50998,50656,53330,42807,48129,49597,57634,63522,79101,98430,105609.95,106922.92,89524.37,74438.47,69986.49,67458.48,58908.97,61942.11,54361.96,55390.63
Sri Lanka,24666,30010,26254,25377,27655,28500,34530,29230,24110,25340,21290,19510,7610,7700,4248,4411,4861,8180,7365,7039.32,6404.9,7288.09,6506.14,8981.6,7500.6,2745.1,6578.6,10290.05,8730
St. Pierre and Miquelon,12,4,11,43,16,29,4,44,40,239,84,8,128,78,512,772,361,533,229,251,275.02,145.43,89,256,201,129,76,276,167
Sudan,0,0,0,0,0,0,0,0,0,0,0,0,0,0,0,0,0,0,0,79,79,79,0,0,0,0,0,0,0
Sudan (former),0,0,0,0,0,45,56,44,79,79,79,79,79,79,79,79,79,79,79,0,0,0,0,0,0,0,0,0,0
Suriname,0,0,0,0,0,0,0,0,0,0,267,291,155,0,0,0,0,0,0,0,0,0,0,0,0,0,0,0,0
Sweden,222,132,123,164,206,143,118,128,251,278,288,285,186,178,106,82,82,15,3,0,0,0,4,0,2,3,3,0.66,0.14
Syrian Arab Republic,40,39,39,50,0,0,0,187,150,182,184,190,135,196,103,90,119,105,98,83,73,66,61,71,65,65,65,65,75
Taiwan Province of China,56080,39457,44064,41158,40089,40025,42933,45923,42355,44412,67432,43797,45948,49949,47871,40338,29556,26404,45409.02,37261.2,30827.04,33468.4,32160.09,38157.09,40608.95,41904.35,57091.15,52436.89,29741.09
"Tanzania, United Rep. of",3473,3863,4510,5600,5000,4675,4875,4800,5000,4000,4050,4141,3602,2643,3360,3424,3512,5451,6238.87,8897.01,8508.64,7888.26,9351.33,9349.94,8193.97,8256.98,11373,11906.58,8427.03
Thailand,8312,13229,15281,17753,17969,16026,22397,24689,24278,30208,32540,27646,20745,16215,13116,9079,8969,6683,4804,7164,6493,6019,4228,3732.4,5123.32,2571.81,2565.09,2390.11,2586.98
Togo,44,13,20,213,59,67,232,148,135,256,755,153,97,111,74,56,47,33,66,66,40,49,64,91,94,42,53,28,173
Tokelau,0,0,0,0,0,0,0,0,0,0,0,0,0,0,0,0,0,0,4,1,1,1,1,1,1,1,1,1,1
Tonga,0,0,0,0,0,0,0,0,0,0,0,0,0,13,17,15,44,21,83.35,63.15,81,8,20,29,15,40.39,16.61,7.12,3.22
Trinidad and Tobago,440,488,550,624,553,591,745,805,986,1315,1034,1354,1125,825,1446,773,583,690,648,538.04,525.34,528.75,517.13,498.4,531.42,523.73,521.59,524.33,521.27
Tunisia,1792,1469,1267,1202,1847,1750,2018,1921,2332,2375,2231,2053,1760,1961,1804,1945,1964,2242,2489,1871,2752,2906,2942,3360,2350,2924,3875,3685,3810
Tuvalu,0,0,0,0,0,0,0,0,0,0,0,0,0,0,0,0,0,0,0,0,0,0,0,0,8,20.79,7.95,0,19.01
Türkiye,2573,4133,2151,2724,2075,1975,2115,4040,1575,1073,966,1018,1535,1532,1485,1038,1345,972,787,471,427,313,248,141,207,104,22,8.8,3.5
US Virgin Islands,0,0,0,0,0,0,0,0,0,0,0,0,0,0,0,0,0,0.26,0.61,0.5,0.14,0.26,0.17,0.29,0.33,0.24,0.43,0.22,0.24
Ukraine,412,152,82,61,30,62,125,99,211,350,496,337,135,302,92,139,97,72,61,39,42.06,6.04,14.05,5.02,29.08,24.56,23.41,20.16,28.49
Un. Sov. Soc. Rep.,0,0,0,0,0,0,0,0,0,0,0,0,0,0,0,0,0,0,0,0,0,0,0,0,0,0,0,0,0
United Arab Emirates,1600,1802,1553,1902,1832,1881,1945,1530,1762,2541,3060,2631,3520,1176,1069,3370,1428,1433,1340,464,430,682,828,974,950,997,815,780,820
United Kingdom,19692,18358,22155,21335,21444,20081,17560,17389,19346,16832,19581,16232,10622,8218,6443,5766,4913,4628,5347.29,4401.22,4308.74,4285.83,4854.38,5141.49,4807.87,6196.53,6290.25,5195.37,5370.48
"United Republic of Tanzania, Zanzibar",0,0,0,0,0,0,0,891,641,870,1245,1841,1236,1443,1339,1395,1400,1418,2285,1709,1776,1614,1956,1613,1726,1660,1668,1785,1705
United States of America,38074,37764,38308,51116,43127,45098,36449,30875,21931,24058,35791,28954,29930,31830,33930,36358,36855,37147,39019,41223,34777,38508,35304,37700,36596,37131,33503,32666,24188
Uruguay,1260,2300,3332,4578,4883,5024,6689,3032,3010,4248,6023,6205,5261,4734,5076,3284,3138,2112,2802.05,2101.74,1616.87,2010.9,1559.19,1121.28,1493.28,1169.17,1121.47,860.42,1118.17
Vanuatu,0,0,0,0,0,0,0,0,0,0,0,53,35,83,5,1,2658,2096,1860,4748.08,4811.08,1838,1679,1265,2200,2763.56,2124.29,2879.49,3921.96
Venezuela (Boliv Rep of),7849,8650,9918,8791,7896,6708,5260,5491,6691,5624,6400,10518,7295,8636,3965,5428,6348,4507,8570.18,9852.29,6962.64,4390.53,4692.14,5261.13,4432.41,3201.73,2984.86,3471.84,3790.75
Yemen,6537,6455,4636,4878,5000,5800,5600,5000,7100,8600,11000,12000,12800,12593,10920,5544,10305,8923,9548,13217,12000,10800,9100,7820,6647,6647,6647,6647,6647
Yugoslavia SFR,0,0,0,0,0,0,0,0,0,0,0,0,0,0,0,0,0,0,0,0,0,0,0,0,0,0,0,0,0
Totals - Tonnes - live weight,736929,751224,760430,809926,838978,825614,848495,868190,838526,827445,866720,821464,767661,751038,780512,727086.33,756200.9,741122.81,785220.39,806835.68,791626.89,763895.47,743948.26,744960.41,677903.33,714249.91,698031.93,666444.29,630769.62
Totals - Number,0,0,0,0,0,0,0,0,0,0,0,0,0,0,0,0,0,0,0,0,0,0,0,0,0,0,0,0,0
FAO. 2023. Fishery and Aquaculture Statistics. Global capture production 1950-2021 (FishStatJ). In: FAO Fisheries and Aquaculture Division [online]. Rome. Updated 2023. www.fao.org/fishery/en/statistics/software/fishstatj,,,,,,,,,,,,,,,,,,,,,,,,,,,,,
